upeople_id,people_ids
"(1L,)","(1L,)","(753L,)","(925L,)"
"(3L,)","(3L,)","(820L,)","(821L,)"
"(4L,)","(4L,)","(53L,)"
"(5L,)","(5L,)","(768L,)"
"(6L,)","(6L,)","(1208L,)"
"(7L,)","(7L,)"
"(8L,)","(8L,)","(975L,)","(1624L,)"
"(9L,)","(9L,)","(164L,)","(192L,)"
"(10L,)","(10L,)"
"(11L,)","(11L,)","(791L,)","(1623L,)"
"(12L,)","(12L,)","(68L,)","(249L,)"
"(13L,)","(13L,)","(671L,)","(678L,)"
"(14L,)","(14L,)","(1151L,)"
"(15L,)","(15L,)","(67L,)","(90L,)","(243L,)","(1567L,)"
"(16L,)","(16L,)"
"(17L,)","(17L,)","(700L,)","(1426L,)"
"(18L,)","(18L,)","(447L,)"
"(19L,)","(19L,)"
"(20L,)","(20L,)"
"(21L,)","(21L,)","(31L,)","(33L,)","(114L,)"
"(22L,)","(22L,)","(859L,)","(863L,)","(1029L,)"
"(23L,)","(23L,)","(826L,)"
"(24L,)","(24L,)"
"(25L,)","(25L,)"
"(26L,)","(26L,)","(533L,)","(535L,)"
"(27L,)","(27L,)","(797L,)","(1106L,)"
"(28L,)","(28L,)","(1065L,)","(1828L,)"
"(29L,)","(29L,)","(1460L,)"
"(30L,)","(30L,)","(861L,)"
"(32L,)","(32L,)"
"(34L,)","(34L,)"
"(35L,)","(35L,)"
"(36L,)","(36L,)","(173L,)"
"(37L,)","(37L,)","(163L,)"
"(38L,)","(38L,)","(168L,)"
"(39L,)","(39L,)"
"(40L,)","(40L,)","(58L,)","(1233L,)","(1235L,)"
"(41L,)","(41L,)","(595L,)"
"(42L,)","(42L,)","(482L,)"
"(43L,)","(43L,)","(1678L,)"
"(44L,)","(44L,)"
"(45L,)","(45L,)"
"(46L,)","(46L,)","(745L,)","(1574L,)"
"(47L,)","(47L,)","(951L,)"
"(48L,)","(48L,)"
"(49L,)","(49L,)","(1446L,)","(1982L,)"
"(50L,)","(50L,)","(109L,)"
"(51L,)","(51L,)","(1008L,)"
"(52L,)","(52L,)"
"(54L,)","(54L,)"
"(55L,)","(55L,)"
"(56L,)","(56L,)"
"(57L,)","(57L,)"
"(59L,)","(59L,)","(790L,)"
"(60L,)","(60L,)","(1073L,)"
"(61L,)","(61L,)","(539L,)"
"(62L,)","(62L,)","(989L,)"
"(63L,)","(63L,)"
"(64L,)","(64L,)"
"(65L,)","(65L,)"
"(66L,)","(66L,)"
"(69L,)","(69L,)"
"(70L,)","(70L,)","(1115L,)","(1141L,)"
"(71L,)","(71L,)","(696L,)","(1430L,)"
"(72L,)","(72L,)","(892L,)","(893L,)"
"(73L,)","(73L,)","(1062L,)"
"(74L,)","(74L,)"
"(75L,)","(75L,)"
"(76L,)","(76L,)","(217L,)","(410L,)"
"(77L,)","(77L,)"
"(78L,)","(78L,)"
"(79L,)","(79L,)","(572L,)"
"(80L,)","(80L,)","(547L,)"
"(81L,)","(81L,)","(112L,)","(1796L,)"
"(82L,)","(82L,)"
"(83L,)","(83L,)","(1749L,)"
"(84L,)","(84L,)"
"(85L,)","(85L,)"
"(86L,)","(86L,)"
"(87L,)","(87L,)"
"(88L,)","(88L,)"
"(89L,)","(89L,)","(985L,)","(1458L,)"
"(91L,)","(91L,)"
"(92L,)","(92L,)"
"(93L,)","(93L,)"
"(94L,)","(94L,)","(179L,)"
"(95L,)","(95L,)"
"(96L,)","(96L,)"
"(97L,)","(97L,)","(172L,)"
"(98L,)","(98L,)"
"(99L,)","(99L,)"
"(100L,)","(100L,)"
"(101L,)","(101L,)","(1111L,)"
"(102L,)","(102L,)","(518L,)"
"(104L,)","(104L,)","(2006L,)"
"(105L,)","(105L,)"
"(106L,)","(106L,)"
"(107L,)","(107L,)"
"(108L,)","(108L,)"
"(110L,)","(110L,)","(126L,)"
"(111L,)","(111L,)"
"(113L,)","(113L,)"
"(115L,)","(115L,)"
"(116L,)","(116L,)","(691L,)"
"(117L,)","(117L,)"
"(118L,)","(118L,)"
"(119L,)","(103L,)","(119L,)","(739L,)","(1087L,)"
"(120L,)","(120L,)"
"(121L,)","(121L,)"
"(122L,)","(122L,)"
"(123L,)","(123L,)","(1919L,)"
"(124L,)","(124L,)"
"(125L,)","(125L,)"
"(127L,)","(127L,)"
"(128L,)","(128L,)","(337L,)"
"(130L,)","(130L,)","(131L,)"
"(132L,)","(132L,)","(448L,)"
"(133L,)","(133L,)"
"(134L,)","(134L,)","(1877L,)"
"(135L,)","(135L,)"
"(136L,)","(136L,)"
"(137L,)","(137L,)"
"(138L,)","(138L,)","(366L,)"
"(139L,)","(139L,)"
"(140L,)","(140L,)"
"(141L,)","(141L,)","(1311L,)"
"(142L,)","(142L,)","(143L,)"
"(144L,)","(144L,)"
"(145L,)","(145L,)","(146L,)"
"(147L,)","(147L,)"
"(148L,)","(148L,)"
"(149L,)","(149L,)"
"(150L,)","(150L,)"
"(151L,)","(151L,)"
"(152L,)","(152L,)","(568L,)"
"(153L,)","(153L,)","(653L,)"
"(154L,)","(154L,)","(1238L,)"
"(155L,)","(155L,)"
"(156L,)","(156L,)"
"(157L,)","(157L,)"
"(158L,)","(158L,)"
"(159L,)","(159L,)"
"(160L,)","(160L,)"
"(161L,)","(161L,)","(201L,)"
"(162L,)","(162L,)"
"(165L,)","(165L,)","(1084L,)","(1134L,)","(1438L,)"
"(166L,)","(166L,)"
"(167L,)","(167L,)"
"(169L,)","(169L,)","(713L,)"
"(170L,)","(170L,)"
"(171L,)","(171L,)"
"(174L,)","(174L,)"
"(175L,)","(175L,)","(209L,)"
"(176L,)","(176L,)","(1845L,)"
"(177L,)","(177L,)"
"(178L,)","(178L,)"
"(180L,)","(180L,)","(301L,)"
"(181L,)","(181L,)"
"(182L,)","(182L,)","(1281L,)"
"(183L,)","(183L,)"
"(184L,)","(184L,)"
"(185L,)","(185L,)","(198L,)"
"(186L,)","(186L,)"
"(187L,)","(187L,)","(375L,)","(437L,)"
"(188L,)","(188L,)","(1836L,)"
"(189L,)","(189L,)"
"(190L,)","(190L,)"
"(191L,)","(191L,)"
"(193L,)","(193L,)"
"(194L,)","(194L,)"
"(195L,)","(195L,)"
"(196L,)","(196L,)"
"(197L,)","(197L,)"
"(199L,)","(199L,)"
"(200L,)","(200L,)","(596L,)","(2010L,)"
"(202L,)","(202L,)"
"(203L,)","(203L,)"
"(204L,)","(204L,)","(210L,)"
"(205L,)","(205L,)","(206L,)","(436L,)"
"(207L,)","(207L,)"
"(208L,)","(208L,)"
"(210L,)","(1772L,)"
"(211L,)","(211L,)"
"(212L,)","(212L,)"
"(213L,)","(213L,)","(1826L,)"
"(214L,)","(214L,)"
"(215L,)","(215L,)","(637L,)"
"(216L,)","(216L,)"
"(218L,)","(218L,)"
"(219L,)","(219L,)"
"(220L,)","(220L,)","(300L,)"
"(221L,)","(221L,)"
"(222L,)","(222L,)","(226L,)"
"(223L,)","(223L,)","(281L,)","(367L,)"
"(224L,)","(224L,)"
"(225L,)","(225L,)"
"(227L,)","(227L,)","(306L,)"
"(228L,)","(228L,)","(445L,)"
"(229L,)","(229L,)"
"(230L,)","(230L,)"
"(231L,)","(231L,)"
"(232L,)","(232L,)","(246L,)","(291L,)"
"(233L,)","(233L,)"
"(234L,)","(234L,)","(237L,)","(271L,)"
"(235L,)","(235L,)","(1756L,)"
"(236L,)","(236L,)","(245L,)"
"(238L,)","(238L,)","(876L,)"
"(239L,)","(239L,)"
"(240L,)","(240L,)","(877L,)"
"(241L,)","(241L,)"
"(242L,)","(242L,)","(319L,)"
"(244L,)","(244L,)"
"(247L,)","(247L,)","(248L,)"
"(250L,)","(250L,)","(1432L,)"
"(251L,)","(251L,)"
"(252L,)","(252L,)","(2056L,)"
"(253L,)","(253L,)"
"(254L,)","(254L,)"
"(255L,)","(255L,)","(616L,)"
"(256L,)","(256L,)"
"(257L,)","(257L,)","(755L,)","(769L,)","(771L,)","(830L,)"
"(258L,)","(258L,)","(350L,)"
"(259L,)","(259L,)"
"(260L,)","(260L,)","(263L,)"
"(261L,)","(261L,)"
"(262L,)","(262L,)","(392L,)"
"(264L,)","(264L,)","(276L,)"
"(265L,)","(265L,)"
"(266L,)","(266L,)"
"(267L,)","(267L,)","(331L,)"
"(268L,)","(268L,)","(831L,)"
"(269L,)","(269L,)","(296L,)","(327L,)","(381L,)"
"(270L,)","(270L,)","(285L,)","(376L,)","(2013L,)"
"(272L,)","(272L,)"
"(273L,)","(273L,)","(278L,)"
"(274L,)","(274L,)"
"(275L,)","(275L,)"
"(277L,)","(277L,)"
"(279L,)","(279L,)","(779L,)","(973L,)","(1886L,)"
"(280L,)","(280L,)"
"(282L,)","(282L,)"
"(283L,)","(283L,)","(297L,)","(365L,)"
"(284L,)","(284L,)"
"(286L,)","(286L,)","(387L,)","(799L,)","(802L,)"
"(287L,)","(287L,)","(1799L,)"
"(288L,)","(288L,)"
"(289L,)","(289L,)"
"(290L,)","(290L,)"
"(292L,)","(292L,)"
"(293L,)","(293L,)"
"(294L,)","(294L,)"
"(295L,)","(295L,)","(801L,)"
"(298L,)","(298L,)"
"(299L,)","(299L,)"
"(301L,)","(349L,)","(475L,)"
"(302L,)","(302L,)"
"(303L,)","(303L,)"
"(304L,)","(304L,)"
"(305L,)","(305L,)"
"(306L,)","(394L,)"
"(307L,)","(307L,)"
"(308L,)","(308L,)"
"(309L,)","(309L,)"
"(310L,)","(310L,)","(340L,)"
"(311L,)","(311L,)"
"(312L,)","(312L,)"
"(313L,)","(313L,)"
"(314L,)","(314L,)","(315L,)"
"(316L,)","(316L,)","(927L,)"
"(317L,)","(317L,)"
"(318L,)","(318L,)"
"(320L,)","(320L,)","(677L,)","(1407L,)","(2093L,)"
"(321L,)","(321L,)","(770L,)","(809L,)","(1423L,)"
"(322L,)","(322L,)"
"(323L,)","(323L,)"
"(324L,)","(324L,)","(328L,)","(707L,)"
"(325L,)","(325L,)","(1349L,)"
"(326L,)","(326L,)"
"(328L,)","(1753L,)"
"(329L,)","(329L,)","(360L,)","(377L,)","(383L,)"
"(330L,)","(330L,)","(504L,)","(1022L,)"
"(332L,)","(332L,)"
"(333L,)","(333L,)"
"(334L,)","(334L,)"
"(335L,)","(335L,)","(336L,)"
"(338L,)","(338L,)"
"(339L,)","(339L,)","(1856L,)"
"(341L,)","(341L,)"
"(342L,)","(342L,)"
"(343L,)","(343L,)"
"(344L,)","(344L,)"
"(345L,)","(345L,)"
"(346L,)","(346L,)"
"(347L,)","(347L,)"
"(348L,)","(348L,)"
"(349L,)","(1373L,)","(1692L,)"
"(351L,)","(351L,)","(1003L,)"
"(352L,)","(352L,)"
"(353L,)","(353L,)"
"(354L,)","(354L,)","(1954L,)"
"(355L,)","(355L,)","(356L,)"
"(357L,)","(357L,)"
"(358L,)","(358L,)"
"(359L,)","(359L,)"
"(361L,)","(361L,)"
"(362L,)","(362L,)"
"(363L,)","(363L,)","(726L,)","(1453L,)"
"(364L,)","(364L,)"
"(368L,)","(368L,)","(1994L,)"
"(369L,)","(369L,)","(852L,)"
"(370L,)","(370L,)","(454L,)"
"(371L,)","(371L,)"
"(372L,)","(372L,)"
"(373L,)","(373L,)","(1033L,)"
"(374L,)","(374L,)","(2069L,)"
"(378L,)","(378L,)"
"(379L,)","(379L,)","(1167L,)"
"(380L,)","(380L,)"
"(382L,)","(382L,)"
"(384L,)","(384L,)"
"(385L,)","(385L,)"
"(386L,)","(386L,)"
"(388L,)","(388L,)"
"(389L,)","(389L,)"
"(390L,)","(390L,)"
"(391L,)","(391L,)"
"(393L,)","(393L,)"
"(395L,)","(395L,)"
"(396L,)","(396L,)"
"(397L,)","(397L,)"
"(398L,)","(398L,)","(942L,)"
"(399L,)","(399L,)"
"(400L,)","(400L,)"
"(401L,)","(401L,)"
"(402L,)","(402L,)","(2083L,)"
"(403L,)","(403L,)"
"(404L,)","(404L,)"
"(405L,)","(405L,)"
"(406L,)","(406L,)","(1413L,)"
"(407L,)","(407L,)","(1184L,)"
"(408L,)","(408L,)"
"(409L,)","(409L,)"
"(411L,)","(411L,)"
"(412L,)","(412L,)","(631L,)"
"(413L,)","(413L,)"
"(414L,)","(414L,)"
"(415L,)","(415L,)"
"(416L,)","(416L,)"
"(417L,)","(417L,)"
"(418L,)","(418L,)"
"(419L,)","(419L,)"
"(420L,)","(420L,)"
"(421L,)","(421L,)","(2072L,)"
"(422L,)","(422L,)","(961L,)","(1069L,)"
"(423L,)","(423L,)"
"(424L,)","(424L,)"
"(425L,)","(425L,)","(959L,)"
"(426L,)","(426L,)"
"(427L,)","(427L,)"
"(428L,)","(428L,)"
"(429L,)","(429L,)"
"(430L,)","(430L,)"
"(431L,)","(431L,)","(1437L,)"
"(432L,)","(432L,)","(433L,)"
"(434L,)","(434L,)","(1912L,)"
"(435L,)","(435L,)","(2002L,)"
"(438L,)","(438L,)"
"(439L,)","(439L,)","(567L,)","(583L,)","(1627L,)","(2009L,)"
"(440L,)","(440L,)"
"(441L,)","(441L,)","(748L,)","(751L,)","(752L,)","(947L,)"
"(442L,)","(442L,)"
"(443L,)","(443L,)","(1250L,)","(1263L,)","(1278L,)"
"(444L,)","(444L,)","(470L,)"
"(446L,)","(446L,)","(1547L,)","(1548L,)"
"(448L,)","(664L,)"
"(449L,)","(449L,)","(794L,)"
"(450L,)","(450L,)"
"(451L,)","(451L,)","(1260L,)","(1267L,)","(1270L,)","(1279L,)","(1298L,)"
"(452L,)","(452L,)"
"(453L,)","(453L,)","(1591L,)","(1634L,)","(1685L,)"
"(455L,)","(455L,)"
"(456L,)","(456L,)","(465L,)"
"(457L,)","(457L,)","(1366L,)"
"(458L,)","(458L,)","(988L,)","(1895L,)"
"(459L,)","(459L,)","(1255L,)"
"(460L,)","(460L,)"
"(461L,)","(461L,)"
"(462L,)","(462L,)"
"(463L,)","(463L,)"
"(464L,)","(464L,)","(467L,)"
"(466L,)","(466L,)","(1211L,)"
"(468L,)","(468L,)","(469L,)"
"(471L,)","(471L,)"
"(472L,)","(472L,)","(1527L,)"
"(473L,)","(473L,)"
"(474L,)","(474L,)","(687L,)"
"(476L,)","(476L,)"
"(477L,)","(477L,)"
"(478L,)","(478L,)"
"(479L,)","(479L,)","(480L,)"
"(481L,)","(481L,)"
"(483L,)","(483L,)"
"(484L,)","(484L,)","(964L,)"
"(485L,)","(485L,)"
"(486L,)","(486L,)"
"(487L,)","(487L,)"
"(488L,)","(488L,)","(928L,)","(1347L,)"
"(489L,)","(489L,)"
"(490L,)","(490L,)"
"(491L,)","(491L,)","(1012L,)"
"(492L,)","(492L,)"
"(493L,)","(493L,)","(1230L,)"
"(494L,)","(494L,)"
"(495L,)","(495L,)"
"(496L,)","(496L,)"
"(497L,)","(497L,)"
"(498L,)","(498L,)"
"(499L,)","(499L,)","(520L,)"
"(500L,)","(500L,)"
"(501L,)","(501L,)"
"(502L,)","(502L,)"
"(503L,)","(503L,)"
"(505L,)","(505L,)"
"(506L,)","(506L,)"
"(507L,)","(507L,)","(1768L,)"
"(508L,)","(508L,)"
"(509L,)","(509L,)"
"(510L,)","(510L,)","(1378L,)"
"(511L,)","(511L,)"
"(512L,)","(512L,)"
"(513L,)","(513L,)"
"(514L,)","(514L,)"
"(515L,)","(515L,)"
"(516L,)","(516L,)"
"(517L,)","(517L,)"
"(519L,)","(519L,)","(1887L,)"
"(521L,)","(521L,)","(710L,)","(716L,)"
"(522L,)","(522L,)"
"(523L,)","(523L,)"
"(524L,)","(524L,)"
"(525L,)","(525L,)","(526L,)","(528L,)"
"(526L,)","(527L,)"
"(529L,)","(529L,)","(759L,)","(1509L,)"
"(530L,)","(530L,)","(870L,)","(1421L,)","(1943L,)"
"(531L,)","(531L,)"
"(532L,)","(532L,)"
"(534L,)","(534L,)","(540L,)","(962L,)"
"(536L,)","(536L,)"
"(537L,)","(537L,)","(834L,)"
"(538L,)","(538L,)","(818L,)","(1562L,)"
"(540L,)","(1518L,)","(1641L,)"
"(541L,)","(541L,)","(1553L,)","(1564L,)","(1571L,)"
"(542L,)","(542L,)","(1536L,)"
"(543L,)","(543L,)"
"(544L,)","(544L,)"
"(545L,)","(545L,)"
"(546L,)","(546L,)"
"(548L,)","(548L,)"
"(549L,)","(549L,)"
"(550L,)","(550L,)","(1386L,)","(1387L,)"
"(551L,)","(551L,)"
"(552L,)","(552L,)"
"(553L,)","(553L,)"
"(554L,)","(554L,)"
"(555L,)","(555L,)"
"(556L,)","(556L,)"
"(557L,)","(557L,)"
"(558L,)","(558L,)"
"(559L,)","(559L,)"
"(560L,)","(560L,)","(674L,)"
"(561L,)","(561L,)"
"(562L,)","(562L,)"
"(563L,)","(563L,)","(1190L,)"
"(564L,)","(564L,)","(1777L,)"
"(565L,)","(565L,)"
"(566L,)","(566L,)"
"(569L,)","(569L,)","(882L,)"
"(570L,)","(570L,)","(588L,)"
"(571L,)","(571L,)","(1563L,)"
"(573L,)","(573L,)"
"(574L,)","(574L,)","(577L,)"
"(575L,)","(575L,)"
"(576L,)","(576L,)","(602L,)"
"(578L,)","(578L,)"
"(579L,)","(579L,)","(645L,)"
"(580L,)","(580L,)"
"(581L,)","(581L,)"
"(582L,)","(582L,)","(1918L,)"
"(584L,)","(584L,)"
"(585L,)","(585L,)"
"(586L,)","(586L,)","(944L,)","(1193L,)"
"(587L,)","(587L,)","(647L,)"
"(589L,)","(589L,)"
"(590L,)","(590L,)"
"(591L,)","(591L,)"
"(592L,)","(592L,)"
"(593L,)","(593L,)"
"(594L,)","(594L,)","(613L,)"
"(597L,)","(597L,)"
"(598L,)","(598L,)"
"(599L,)","(599L,)"
"(600L,)","(600L,)"
"(601L,)","(601L,)"
"(603L,)","(603L,)"
"(604L,)","(604L,)"
"(605L,)","(605L,)"
"(606L,)","(606L,)"
"(607L,)","(607L,)"
"(608L,)","(608L,)"
"(609L,)","(609L,)"
"(610L,)","(610L,)"
"(611L,)","(611L,)"
"(612L,)","(612L,)"
"(614L,)","(614L,)"
"(615L,)","(615L,)"
"(617L,)","(617L,)"
"(618L,)","(618L,)"
"(619L,)","(619L,)"
"(620L,)","(620L,)"
"(621L,)","(621L,)"
"(622L,)","(622L,)"
"(623L,)","(623L,)"
"(624L,)","(624L,)"
"(625L,)","(625L,)","(627L,)"
"(626L,)","(626L,)","(1889L,)"
"(627L,)","(633L,)"
"(628L,)","(628L,)"
"(629L,)","(629L,)"
"(630L,)","(630L,)","(960L,)"
"(632L,)","(632L,)","(1274L,)"
"(634L,)","(634L,)"
"(635L,)","(635L,)"
"(636L,)","(636L,)","(643L,)"
"(638L,)","(638L,)"
"(639L,)","(639L,)","(1143L,)"
"(640L,)","(640L,)","(654L,)"
"(641L,)","(641L,)"
"(642L,)","(642L,)","(1450L,)"
"(644L,)","(644L,)","(656L,)"
"(646L,)","(646L,)"
"(648L,)","(648L,)","(649L,)"
"(650L,)","(650L,)"
"(651L,)","(651L,)","(1133L,)"
"(652L,)","(652L,)"
"(655L,)","(655L,)"
"(657L,)","(657L,)"
"(658L,)","(658L,)"
"(659L,)","(659L,)"
"(660L,)","(660L,)"
"(661L,)","(661L,)","(1988L,)"
"(662L,)","(662L,)","(1182L,)"
"(663L,)","(663L,)"
"(665L,)","(665L,)"
"(666L,)","(666L,)"
"(667L,)","(667L,)","(1664L,)"
"(668L,)","(668L,)","(669L,)"
"(670L,)","(670L,)","(676L,)"
"(672L,)","(672L,)","(1410L,)"
"(673L,)","(673L,)"
"(675L,)","(675L,)","(1947L,)"
"(679L,)","(679L,)"
"(680L,)","(680L,)","(1599L,)"
"(681L,)","(681L,)"
"(682L,)","(682L,)"
"(683L,)","(683L,)"
"(684L,)","(684L,)"
"(685L,)","(685L,)","(744L,)","(760L,)","(776L,)","(785L,)","(1573L,)"
"(686L,)","(686L,)","(780L,)","(1417L,)"
"(688L,)","(688L,)","(1569L,)","(1570L,)"
"(689L,)","(689L,)"
"(690L,)","(690L,)","(1521L,)"
"(692L,)","(692L,)"
"(693L,)","(693L,)"
"(694L,)","(694L,)","(1587L,)"
"(695L,)","(695L,)","(1431L,)"
"(697L,)","(697L,)","(698L,)","(714L,)"
"(699L,)","(699L,)"
"(701L,)","(701L,)"
"(702L,)","(702L,)"
"(703L,)","(703L,)"
"(704L,)","(704L,)"
"(705L,)","(705L,)"
"(706L,)","(706L,)"
"(708L,)","(708L,)","(1057L,)"
"(709L,)","(709L,)"
"(711L,)","(711L,)"
"(712L,)","(712L,)"
"(715L,)","(715L,)"
"(717L,)","(717L,)"
"(718L,)","(718L,)"
"(719L,)","(719L,)"
"(720L,)","(720L,)"
"(721L,)","(721L,)"
"(722L,)","(722L,)"
"(723L,)","(723L,)"
"(724L,)","(724L,)"
"(725L,)","(725L,)","(1198L,)"
"(727L,)","(727L,)","(1517L,)","(1654L,)"
"(728L,)","(728L,)"
"(729L,)","(729L,)","(2092L,)"
"(730L,)","(730L,)"
"(731L,)","(731L,)","(1643L,)"
"(732L,)","(732L,)"
"(733L,)","(733L,)"
"(734L,)","(734L,)"
"(735L,)","(735L,)","(1377L,)"
"(736L,)","(736L,)"
"(737L,)","(737L,)","(1077L,)"
"(738L,)","(738L,)"
"(740L,)","(740L,)"
"(741L,)","(741L,)"
"(742L,)","(742L,)"
"(743L,)","(743L,)"
"(746L,)","(746L,)","(757L,)","(762L,)","(972L,)"
"(747L,)","(747L,)","(750L,)"
"(749L,)","(749L,)"
"(754L,)","(754L,)"
"(756L,)","(756L,)","(767L,)","(828L,)"
"(758L,)","(758L,)","(774L,)"
"(761L,)","(761L,)","(968L,)","(1016L,)","(1435L,)"
"(763L,)","(763L,)","(772L,)"
"(764L,)","(764L,)"
"(765L,)","(765L,)"
"(766L,)","(766L,)"
"(773L,)","(773L,)"
"(775L,)","(775L,)"
"(777L,)","(777L,)"
"(778L,)","(778L,)"
"(781L,)","(781L,)"
"(782L,)","(782L,)","(956L,)","(1014L,)"
"(783L,)","(783L,)","(965L,)"
"(784L,)","(784L,)","(843L,)","(1416L,)"
"(786L,)","(786L,)"
"(787L,)","(787L,)","(1360L,)"
"(788L,)","(788L,)"
"(789L,)","(789L,)"
"(792L,)","(792L,)","(793L,)"
"(795L,)","(795L,)"
"(796L,)","(796L,)","(842L,)"
"(798L,)","(798L,)","(950L,)"
"(800L,)","(800L,)"
"(803L,)","(803L,)"
"(804L,)","(804L,)","(806L,)"
"(805L,)","(805L,)"
"(807L,)","(807L,)"
"(808L,)","(808L,)"
"(810L,)","(810L,)"
"(811L,)","(811L,)"
"(812L,)","(812L,)"
"(813L,)","(813L,)"
"(814L,)","(814L,)"
"(815L,)","(815L,)"
"(816L,)","(816L,)","(817L,)"
"(819L,)","(819L,)"
"(822L,)","(822L,)"
"(823L,)","(823L,)"
"(824L,)","(824L,)","(874L,)"
"(825L,)","(825L,)"
"(827L,)","(827L,)","(1004L,)"
"(829L,)","(829L,)"
"(832L,)","(832L,)"
"(833L,)","(833L,)","(1682L,)","(1689L,)"
"(835L,)","(835L,)","(1418L,)"
"(836L,)","(836L,)"
"(837L,)","(837L,)","(957L,)"
"(838L,)","(838L,)"
"(839L,)","(839L,)"
"(840L,)","(840L,)","(1568L,)"
"(841L,)","(841L,)"
"(844L,)","(844L,)"
"(845L,)","(845L,)"
"(846L,)","(846L,)","(1032L,)","(1628L,)"
"(847L,)","(847L,)"
"(848L,)","(848L,)"
"(849L,)","(849L,)"
"(850L,)","(850L,)"
"(851L,)","(851L,)"
"(853L,)","(853L,)"
"(854L,)","(854L,)"
"(855L,)","(855L,)"
"(856L,)","(856L,)"
"(857L,)","(857L,)"
"(858L,)","(858L,)"
"(859L,)","(860L,)"
"(862L,)","(862L,)"
"(864L,)","(864L,)","(871L,)"
"(865L,)","(865L,)"
"(866L,)","(866L,)"
"(867L,)","(867L,)"
"(868L,)","(868L,)"
"(869L,)","(869L,)"
"(872L,)","(872L,)"
"(873L,)","(873L,)"
"(875L,)","(875L,)"
"(878L,)","(878L,)","(879L,)"
"(880L,)","(880L,)","(881L,)"
"(883L,)","(883L,)"
"(884L,)","(884L,)","(1704L,)"
"(885L,)","(885L,)"
"(886L,)","(886L,)","(1600L,)"
"(887L,)","(887L,)"
"(888L,)","(888L,)"
"(889L,)","(889L,)"
"(890L,)","(890L,)"
"(891L,)","(891L,)"
"(894L,)","(894L,)"
"(895L,)","(895L,)"
"(896L,)","(896L,)"
"(897L,)","(897L,)"
"(898L,)","(898L,)"
"(899L,)","(899L,)"
"(900L,)","(900L,)"
"(901L,)","(901L,)"
"(902L,)","(902L,)"
"(903L,)","(903L,)"
"(904L,)","(904L,)"
"(905L,)","(905L,)"
"(906L,)","(906L,)"
"(907L,)","(907L,)"
"(908L,)","(908L,)"
"(909L,)","(909L,)"
"(910L,)","(910L,)"
"(911L,)","(911L,)"
"(912L,)","(912L,)"
"(913L,)","(913L,)"
"(914L,)","(914L,)"
"(915L,)","(915L,)"
"(916L,)","(916L,)"
"(917L,)","(917L,)"
"(918L,)","(918L,)"
"(919L,)","(919L,)"
"(920L,)","(920L,)"
"(921L,)","(921L,)"
"(922L,)","(922L,)"
"(923L,)","(923L,)"
"(924L,)","(924L,)"
"(926L,)","(926L,)"
"(929L,)","(929L,)"
"(930L,)","(930L,)"
"(931L,)","(931L,)","(1765L,)"
"(932L,)","(932L,)"
"(933L,)","(933L,)"
"(934L,)","(934L,)","(936L,)"
"(935L,)","(935L,)"
"(937L,)","(937L,)"
"(938L,)","(938L,)"
"(939L,)","(939L,)","(1203L,)"
"(940L,)","(940L,)"
"(941L,)","(941L,)"
"(943L,)","(943L,)"
"(945L,)","(945L,)"
"(946L,)","(946L,)"
"(948L,)","(948L,)"
"(949L,)","(949L,)"
"(952L,)","(952L,)"
"(953L,)","(953L,)"
"(954L,)","(954L,)","(1443L,)"
"(955L,)","(955L,)"
"(958L,)","(958L,)"
"(963L,)","(963L,)"
"(966L,)","(966L,)"
"(967L,)","(967L,)"
"(969L,)","(969L,)","(1072L,)"
"(970L,)","(970L,)"
"(971L,)","(971L,)"
"(974L,)","(974L,)","(994L,)"
"(976L,)","(976L,)"
"(977L,)","(977L,)","(1576L,)"
"(978L,)","(978L,)"
"(979L,)","(979L,)"
"(980L,)","(980L,)"
"(981L,)","(981L,)"
"(982L,)","(982L,)","(1239L,)"
"(983L,)","(983L,)"
"(984L,)","(984L,)"
"(985L,)","(1457L,)","(1459L,)"
"(986L,)","(986L,)"
"(987L,)","(987L,)"
"(990L,)","(990L,)"
"(991L,)","(991L,)"
"(992L,)","(992L,)"
"(993L,)","(993L,)"
"(995L,)","(995L,)"
"(996L,)","(996L,)"
"(997L,)","(997L,)"
"(998L,)","(998L,)"
"(999L,)","(999L,)","(1116L,)"
"(1000L,)","(1000L,)"
"(1001L,)","(1001L,)","(1002L,)"
"(1004L,)","(1013L,)"
"(1005L,)","(1005L,)"
"(1006L,)","(1006L,)"
"(1007L,)","(1007L,)"
"(1009L,)","(1009L,)"
"(1010L,)","(1010L,)"
"(1011L,)","(1011L,)"
"(1015L,)","(1015L,)"
"(1017L,)","(1017L,)","(1092L,)","(1515L,)","(1640L,)"
"(1018L,)","(1018L,)","(1290L,)"
"(1019L,)","(1019L,)"
"(1020L,)","(1020L,)"
"(1021L,)","(1021L,)"
"(1023L,)","(1023L,)","(1179L,)"
"(1024L,)","(1024L,)"
"(1025L,)","(1025L,)","(1109L,)"
"(1026L,)","(1026L,)"
"(1027L,)","(1027L,)"
"(1028L,)","(1028L,)"
"(1030L,)","(1030L,)"
"(1031L,)","(1031L,)"
"(1034L,)","(1034L,)"
"(1035L,)","(1035L,)","(1350L,)"
"(1036L,)","(1036L,)","(1042L,)"
"(1037L,)","(1037L,)"
"(1038L,)","(1038L,)","(1093L,)","(1138L,)"
"(1039L,)","(1039L,)"
"(1040L,)","(1040L,)"
"(1041L,)","(1041L,)","(1991L,)"
"(1043L,)","(1043L,)"
"(1044L,)","(1044L,)"
"(1045L,)","(1045L,)"
"(1046L,)","(1046L,)"
"(1047L,)","(1047L,)"
"(1048L,)","(1048L,)"
"(1049L,)","(1049L,)"
"(1050L,)","(1050L,)","(1644L,)"
"(1051L,)","(1051L,)"
"(1052L,)","(1052L,)"
"(1053L,)","(1053L,)"
"(1054L,)","(1054L,)","(1317L,)","(1355L,)"
"(1055L,)","(1055L,)"
"(1056L,)","(1056L,)"
"(1058L,)","(1058L,)"
"(1059L,)","(1059L,)"
"(1060L,)","(1060L,)","(1434L,)"
"(1061L,)","(1061L,)"
"(1063L,)","(1063L,)"
"(1064L,)","(1064L,)"
"(1066L,)","(1066L,)"
"(1067L,)","(1067L,)","(1147L,)"
"(1068L,)","(1068L,)"
"(1070L,)","(1070L,)"
"(1071L,)","(1071L,)","(1160L,)"
"(1074L,)","(1074L,)"
"(1075L,)","(1075L,)"
"(1076L,)","(1076L,)"
"(1078L,)","(1078L,)"
"(1079L,)","(1079L,)"
"(1080L,)","(1080L,)"
"(1081L,)","(1081L,)","(1117L,)","(1844L,)"
"(1082L,)","(1082L,)"
"(1083L,)","(1083L,)"
"(1085L,)","(1085L,)"
"(1086L,)","(1086L,)"
"(1088L,)","(1088L,)"
"(1089L,)","(1089L,)"
"(1090L,)","(1090L,)"
"(1091L,)","(1091L,)"
"(1093L,)","(1128L,)"
"(1094L,)","(1094L,)"
"(1095L,)","(1095L,)"
"(1096L,)","(1096L,)"
"(1097L,)","(1097L,)"
"(1098L,)","(1098L,)"
"(1099L,)","(1099L,)","(1932L,)","(1933L,)"
"(1100L,)","(1100L,)"
"(1101L,)","(1101L,)"
"(1102L,)","(1102L,)"
"(1103L,)","(1103L,)"
"(1104L,)","(1104L,)","(1132L,)"
"(1105L,)","(1105L,)"
"(1107L,)","(1107L,)","(1169L,)"
"(1108L,)","(1108L,)"
"(1109L,)","(1582L,)"
"(1110L,)","(1110L,)","(1137L,)"
"(1112L,)","(1112L,)"
"(1113L,)","(1113L,)"
"(1114L,)","(1114L,)"
"(1118L,)","(1118L,)"
"(1119L,)","(1119L,)"
"(1120L,)","(1120L,)"
"(1121L,)","(1121L,)"
"(1122L,)","(1122L,)"
"(1123L,)","(1123L,)"
"(1124L,)","(1124L,)","(1734L,)"
"(1125L,)","(1125L,)"
"(1126L,)","(1126L,)","(1152L,)"
"(1127L,)","(1127L,)"
"(1129L,)","(1129L,)"
"(1130L,)","(1130L,)"
"(1131L,)","(1131L,)"
"(1135L,)","(1135L,)"
"(1136L,)","(1136L,)"
"(1139L,)","(1139L,)","(1408L,)","(1409L,)"
"(1140L,)","(1140L,)","(1937L,)"
"(1142L,)","(1142L,)"
"(1144L,)","(1144L,)"
"(1145L,)","(1145L,)"
"(1146L,)","(1146L,)"
"(1148L,)","(1148L,)"
"(1149L,)","(1149L,)","(1835L,)"
"(1150L,)","(1150L,)"
"(1152L,)","(1159L,)"
"(1153L,)","(1153L,)"
"(1154L,)","(1154L,)"
"(1155L,)","(1155L,)"
"(1156L,)","(1156L,)"
"(1157L,)","(1157L,)"
"(1158L,)","(1158L,)"
"(1161L,)","(1161L,)","(1519L,)"
"(1162L,)","(1162L,)"
"(1163L,)","(1163L,)"
"(1164L,)","(1164L,)"
"(1165L,)","(1165L,)"
"(1166L,)","(1166L,)"
"(1168L,)","(1168L,)"
"(1170L,)","(1170L,)"
"(1171L,)","(1171L,)"
"(1172L,)","(1172L,)"
"(1173L,)","(1173L,)"
"(1174L,)","(1174L,)"
"(1175L,)","(1175L,)"
"(1176L,)","(1176L,)"
"(1177L,)","(1177L,)"
"(1178L,)","(1178L,)","(1896L,)"
"(1180L,)","(1180L,)"
"(1181L,)","(1181L,)"
"(1183L,)","(1183L,)"
"(1185L,)","(1185L,)"
"(1186L,)","(1186L,)"
"(1187L,)","(1187L,)"
"(1188L,)","(1188L,)","(1331L,)"
"(1189L,)","(1189L,)"
"(1191L,)","(1191L,)"
"(1192L,)","(1192L,)"
"(1194L,)","(1194L,)"
"(1195L,)","(1195L,)"
"(1196L,)","(1196L,)"
"(1197L,)","(1197L,)"
"(1199L,)","(1199L,)"
"(1200L,)","(1200L,)"
"(1201L,)","(1201L,)"
"(1202L,)","(1202L,)"
"(1204L,)","(1204L,)"
"(1205L,)","(1205L,)"
"(1206L,)","(1206L,)"
"(1207L,)","(1207L,)"
"(1210L,)","(1210L,)"
"(1212L,)","(1212L,)"
"(1213L,)","(1213L,)","(1218L,)","(1220L,)","(2028L,)"
"(1214L,)","(1214L,)"
"(1215L,)","(1215L,)"
"(1216L,)","(1216L,)"
"(1217L,)","(1217L,)","(1380L,)","(1381L,)"
"(1219L,)","(1219L,)"
"(1221L,)","(1221L,)","(1228L,)"
"(1222L,)","(1222L,)"
"(1223L,)","(1223L,)"
"(1224L,)","(1224L,)"
"(1225L,)","(1225L,)"
"(1226L,)","(1226L,)"
"(1227L,)","(1227L,)"
"(1229L,)","(1229L,)"
"(1231L,)","(1231L,)"
"(1232L,)","(1232L,)"
"(1234L,)","(1234L,)"
"(1236L,)","(1236L,)"
"(1237L,)","(1237L,)"
"(1240L,)","(1240L,)"
"(1241L,)","(1241L,)"
"(1242L,)","(1242L,)","(1243L,)","(1262L,)"
"(1244L,)","(1244L,)","(1251L,)","(1252L,)"
"(1245L,)","(1245L,)","(2101L,)"
"(1246L,)","(1246L,)"
"(1247L,)","(1247L,)"
"(1248L,)","(1248L,)"
"(1249L,)","(1249L,)"
"(1253L,)","(1253L,)"
"(1254L,)","(1254L,)"
"(1256L,)","(1256L,)"
"(1257L,)","(1257L,)","(1282L,)"
"(1258L,)","(1258L,)","(1265L,)"
"(1259L,)","(1259L,)","(1271L,)"
"(1261L,)","(1261L,)","(1565L,)"
"(1264L,)","(1264L,)"
"(1266L,)","(1266L,)"
"(1268L,)","(1268L,)"
"(1269L,)","(1269L,)"
"(1272L,)","(1272L,)"
"(1273L,)","(1273L,)"
"(1275L,)","(1275L,)"
"(1276L,)","(1276L,)"
"(1277L,)","(1277L,)"
"(1280L,)","(1280L,)"
"(1283L,)","(1283L,)"
"(1284L,)","(1284L,)"
"(1285L,)","(1285L,)"
"(1286L,)","(1286L,)"
"(1287L,)","(1287L,)"
"(1288L,)","(1288L,)"
"(1289L,)","(1289L,)","(1300L,)"
"(1291L,)","(1291L,)","(1323L,)"
"(1292L,)","(1292L,)"
"(1293L,)","(1293L,)"
"(1294L,)","(1294L,)"
"(1295L,)","(1295L,)"
"(1296L,)","(1296L,)"
"(1297L,)","(1297L,)"
"(1299L,)","(1299L,)"
"(1301L,)","(1301L,)"
"(1302L,)","(1302L,)"
"(1303L,)","(1303L,)"
"(1304L,)","(1304L,)"
"(1305L,)","(1305L,)","(2003L,)"
"(1306L,)","(1306L,)"
"(1307L,)","(1307L,)","(1314L,)"
"(1308L,)","(1308L,)"
"(1309L,)","(1309L,)"
"(1310L,)","(1310L,)"
"(1312L,)","(1312L,)"
"(1313L,)","(1313L,)"
"(1315L,)","(1315L,)"
"(1316L,)","(1316L,)"
"(1318L,)","(1318L,)"
"(1319L,)","(1319L,)"
"(1320L,)","(1320L,)"
"(1321L,)","(1321L,)"
"(1322L,)","(1322L,)"
"(1324L,)","(1324L,)"
"(1325L,)","(1325L,)"
"(1326L,)","(1326L,)"
"(1327L,)","(1327L,)"
"(1328L,)","(1328L,)"
"(1329L,)","(1329L,)"
"(1330L,)","(1330L,)"
"(1332L,)","(1332L,)","(1334L,)"
"(1333L,)","(1333L,)"
"(1335L,)","(1335L,)"
"(1336L,)","(1336L,)"
"(1337L,)","(1337L,)","(1338L,)"
"(1338L,)","(1339L,)"
"(1340L,)","(1340L,)"
"(1341L,)","(1341L,)","(1461L,)"
"(1342L,)","(1342L,)"
"(1343L,)","(1343L,)"
"(1344L,)","(1344L,)"
"(1345L,)","(1345L,)","(1475L,)"
"(1346L,)","(1346L,)"
"(1348L,)","(1348L,)"
"(1351L,)","(1351L,)"
"(1352L,)","(1352L,)","(1983L,)"
"(1353L,)","(1353L,)"
"(1354L,)","(1354L,)"
"(1356L,)","(1356L,)"
"(1357L,)","(1357L,)"
"(1358L,)","(1358L,)"
"(1359L,)","(1359L,)"
"(1361L,)","(1361L,)"
"(1362L,)","(1362L,)"
"(1363L,)","(1363L,)"
"(1364L,)","(1364L,)"
"(1365L,)","(1365L,)"
"(1367L,)","(1367L,)","(1375L,)","(1392L,)"
"(1368L,)","(1368L,)"
"(1369L,)","(1369L,)"
"(1370L,)","(1370L,)"
"(1371L,)","(1371L,)"
"(1372L,)","(1372L,)"
"(1374L,)","(1374L,)"
"(1376L,)","(1376L,)"
"(1379L,)","(1379L,)"
"(1382L,)","(1382L,)"
"(1383L,)","(1383L,)"
"(1384L,)","(1384L,)","(1444L,)"
"(1385L,)","(1385L,)"
"(1388L,)","(1388L,)"
"(1389L,)","(1389L,)"
"(1390L,)","(1390L,)"
"(1391L,)","(1391L,)"
"(1393L,)","(1393L,)","(1395L,)"
"(1394L,)","(1394L,)","(1397L,)"
"(1396L,)","(1396L,)"
"(1398L,)","(1398L,)"
"(1399L,)","(1399L,)","(1439L,)"
"(1400L,)","(1400L,)"
"(1401L,)","(1401L,)"
"(1402L,)","(1402L,)"
"(1403L,)","(1403L,)"
"(1404L,)","(1404L,)"
"(1405L,)","(1405L,)"
"(1406L,)","(1406L,)"
"(1411L,)","(1411L,)"
"(1412L,)","(1412L,)"
"(1414L,)","(1414L,)"
"(1415L,)","(1415L,)"
"(1419L,)","(1419L,)"
"(1420L,)","(1420L,)"
"(1422L,)","(1422L,)"
"(1424L,)","(1424L,)"
"(1425L,)","(1425L,)"
"(1427L,)","(1427L,)"
"(1428L,)","(1428L,)"
"(1429L,)","(1429L,)"
"(1433L,)","(1433L,)"
"(1436L,)","(1436L,)"
"(1440L,)","(1440L,)"
"(1441L,)","(1441L,)"
"(1442L,)","(1442L,)"
"(1445L,)","(1445L,)"
"(1447L,)","(1447L,)"
"(1448L,)","(1448L,)"
"(1449L,)","(1449L,)"
"(1451L,)","(1451L,)"
"(1452L,)","(1452L,)"
"(1454L,)","(1454L,)"
"(1455L,)","(1455L,)"
"(1456L,)","(1456L,)"
"(1462L,)","(1462L,)"
"(1463L,)","(1463L,)","(1464L,)"
"(1465L,)","(1465L,)"
"(1466L,)","(1466L,)"
"(1467L,)","(1467L,)"
"(1468L,)","(1468L,)"
"(1469L,)","(1469L,)"
"(1470L,)","(1470L,)"
"(1471L,)","(1471L,)"
"(1472L,)","(1472L,)"
"(1473L,)","(1473L,)"
"(1474L,)","(1474L,)","(1477L,)"
"(1476L,)","(1476L,)"
"(1478L,)","(1478L,)"
"(1479L,)","(1479L,)","(2019L,)"
"(1480L,)","(1480L,)"
"(1481L,)","(1481L,)"
"(1482L,)","(1482L,)"
"(1483L,)","(1483L,)","(1484L,)"
"(1485L,)","(1485L,)"
"(1486L,)","(1486L,)"
"(1487L,)","(1487L,)","(1488L,)"
"(1489L,)","(1489L,)"
"(1490L,)","(1490L,)","(1493L,)"
"(1491L,)","(1491L,)","(1492L,)"
"(1494L,)","(1494L,)"
"(1495L,)","(1495L,)"
"(1496L,)","(1496L,)"
"(1497L,)","(1497L,)"
"(1498L,)","(1498L,)"
"(1499L,)","(1499L,)"
"(1500L,)","(1500L,)"
"(1501L,)","(1501L,)"
"(1502L,)","(1502L,)"
"(1503L,)","(1503L,)"
"(1504L,)","(1504L,)"
"(1505L,)","(1505L,)"
"(1506L,)","(1506L,)","(1508L,)"
"(1507L,)","(1507L,)"
"(1510L,)","(1510L,)"
"(1511L,)","(1511L,)"
"(1512L,)","(1512L,)"
"(1513L,)","(1513L,)"
"(1514L,)","(1514L,)"
"(1516L,)","(1516L,)","(1662L,)"
"(1517L,)","(1660L,)"
"(1520L,)","(1520L,)"
"(1522L,)","(1522L,)"
"(1523L,)","(1523L,)"
"(1524L,)","(1524L,)"
"(1525L,)","(1525L,)"
"(1526L,)","(1526L,)"
"(1528L,)","(1528L,)"
"(1529L,)","(1529L,)"
"(1530L,)","(1530L,)"
"(1531L,)","(1531L,)"
"(1532L,)","(1532L,)"
"(1533L,)","(1533L,)"
"(1534L,)","(1534L,)","(1538L,)"
"(1535L,)","(1535L,)"
"(1537L,)","(1537L,)"
"(1539L,)","(1539L,)"
"(1540L,)","(1540L,)"
"(1541L,)","(1541L,)"
"(1542L,)","(1542L,)"
"(1543L,)","(1543L,)"
"(1544L,)","(1544L,)","(1551L,)"
"(1545L,)","(1545L,)","(1550L,)","(1557L,)","(1559L,)"
"(1546L,)","(1546L,)"
"(1548L,)","(1549L,)"
"(1552L,)","(1552L,)","(1556L,)"
"(1554L,)","(1554L,)","(1555L,)"
"(1558L,)","(1558L,)"
"(1560L,)","(1560L,)"
"(1561L,)","(1561L,)"
"(1566L,)","(1566L,)"
"(1572L,)","(1572L,)","(1596L,)"
"(1575L,)","(1575L,)"
"(1577L,)","(1577L,)"
"(1578L,)","(1578L,)"
"(1579L,)","(1579L,)"
"(1580L,)","(1580L,)","(1583L,)"
"(1581L,)","(1581L,)"
"(1584L,)","(1584L,)"
"(1585L,)","(1585L,)"
"(1586L,)","(1586L,)"
"(1588L,)","(1588L,)"
"(1589L,)","(1589L,)"
"(1590L,)","(1590L,)"
"(1592L,)","(1592L,)"
"(1593L,)","(1593L,)"
"(1594L,)","(1594L,)","(1670L,)"
"(1595L,)","(1595L,)"
"(1597L,)","(1597L,)","(1602L,)"
"(1598L,)","(1598L,)"
"(1601L,)","(1601L,)"
"(1603L,)","(1603L,)"
"(1604L,)","(1604L,)"
"(1605L,)","(1605L,)","(1655L,)"
"(1606L,)","(1606L,)"
"(1607L,)","(1607L,)"
"(1608L,)","(1608L,)"
"(1609L,)","(1609L,)"
"(1610L,)","(1610L,)"
"(1611L,)","(1611L,)"
"(1612L,)","(1612L,)"
"(1613L,)","(1613L,)"
"(1614L,)","(1614L,)"
"(1615L,)","(1615L,)"
"(1616L,)","(1616L,)"
"(1617L,)","(1617L,)"
"(1618L,)","(1618L,)","(1925L,)"
"(1619L,)","(1619L,)","(1621L,)"
"(1620L,)","(1620L,)"
"(1622L,)","(1622L,)"
"(1625L,)","(1625L,)"
"(1626L,)","(1626L,)"
"(1629L,)","(1629L,)","(1642L,)"
"(1630L,)","(1630L,)"
"(1631L,)","(1631L,)"
"(1632L,)","(1632L,)"
"(1633L,)","(1633L,)"
"(1635L,)","(1635L,)"
"(1636L,)","(1636L,)"
"(1637L,)","(1637L,)","(1638L,)"
"(1639L,)","(1639L,)"
"(1645L,)","(1645L,)"
"(1646L,)","(1646L,)"
"(1647L,)","(1647L,)"
"(1648L,)","(1648L,)"
"(1649L,)","(1649L,)"
"(1650L,)","(1650L,)"
"(1651L,)","(1651L,)"
"(1652L,)","(1652L,)"
"(1653L,)","(1653L,)"
"(1656L,)","(1656L,)"
"(1657L,)","(1657L,)","(1658L,)"
"(1659L,)","(1659L,)"
"(1661L,)","(1661L,)"
"(1663L,)","(1663L,)"
"(1665L,)","(1665L,)"
"(1666L,)","(1666L,)"
"(1667L,)","(1667L,)"
"(1668L,)","(1668L,)"
"(1669L,)","(1669L,)"
"(1671L,)","(1671L,)"
"(1672L,)","(1672L,)"
"(1673L,)","(1673L,)"
"(1674L,)","(1674L,)"
"(1675L,)","(1675L,)"
"(1676L,)","(1676L,)"
"(1677L,)","(1677L,)"
"(1679L,)","(1679L,)"
"(1680L,)","(1680L,)","(1683L,)","(1740L,)"
"(1681L,)","(1681L,)"
"(1684L,)","(1684L,)"
"(1686L,)","(1686L,)"
"(1687L,)","(1687L,)"
"(1688L,)","(1688L,)"
"(1690L,)","(1690L,)"
"(1691L,)","(1691L,)"
"(1693L,)","(1693L,)"
"(1694L,)","(1694L,)"
"(1695L,)","(1695L,)"
"(1696L,)","(1696L,)"
"(1697L,)","(1697L,)"
"(1698L,)","(1698L,)"
"(1699L,)","(1699L,)"
"(1700L,)","(1700L,)","(1703L,)"
"(1701L,)","(1701L,)","(1741L,)"
"(1702L,)","(1702L,)"
"(1705L,)","(1705L,)"
"(1706L,)","(1706L,)"
"(1707L,)","(1707L,)"
"(1708L,)","(1708L,)"
"(1709L,)","(1709L,)","(1710L,)"
"(1711L,)","(1711L,)"
"(1712L,)","(1712L,)"
"(1713L,)","(1713L,)"
"(1714L,)","(1714L,)"
"(1715L,)","(1715L,)"
"(1716L,)","(1716L,)"
"(1717L,)","(1717L,)"
"(1718L,)","(1718L,)"
"(1719L,)","(1719L,)"
"(1720L,)","(1720L,)"
"(1721L,)","(1721L,)"
"(1722L,)","(1722L,)"
"(1723L,)","(1723L,)"
"(1724L,)","(1724L,)"
"(1725L,)","(1725L,)","(1733L,)"
"(1726L,)","(1726L,)"
"(1727L,)","(1727L,)"
"(1728L,)","(1728L,)"
"(1729L,)","(1729L,)"
"(1730L,)","(1730L,)"
"(1731L,)","(1731L,)"
"(1732L,)","(1732L,)"
"(1735L,)","(1735L,)"
"(1736L,)","(1736L,)"
"(1737L,)","(1737L,)"
"(1738L,)","(1738L,)"
"(1739L,)","(1739L,)","(1850L,)"
"(1742L,)","(1742L,)"
"(1743L,)","(1743L,)"
"(1744L,)","(1744L,)"
"(1745L,)","(1745L,)"
"(1746L,)","(1746L,)"
"(1747L,)","(1747L,)"
"(1748L,)","(1748L,)","(1752L,)"
"(1750L,)","(1750L,)"
"(1751L,)","(1751L,)"
"(1754L,)","(1754L,)"
"(1755L,)","(1755L,)"
"(1757L,)","(1757L,)"
"(1758L,)","(1758L,)"
"(1759L,)","(1759L,)"
"(1760L,)","(1760L,)"
"(1761L,)","(1761L,)"
"(1762L,)","(1762L,)"
"(1763L,)","(1763L,)"
"(1764L,)","(1764L,)"
"(1766L,)","(1766L,)"
"(1767L,)","(1767L,)"
"(1769L,)","(1769L,)"
"(1770L,)","(1770L,)"
"(1771L,)","(1771L,)"
"(1773L,)","(1773L,)","(1788L,)"
"(1774L,)","(1774L,)"
"(1775L,)","(1775L,)"
"(1776L,)","(1776L,)","(1800L,)"
"(1778L,)","(1778L,)"
"(1779L,)","(1779L,)"
"(1780L,)","(1780L,)"
"(1781L,)","(1781L,)","(2045L,)"
"(1782L,)","(1782L,)"
"(1783L,)","(1783L,)"
"(1784L,)","(1784L,)"
"(1785L,)","(1785L,)"
"(1786L,)","(1786L,)"
"(1787L,)","(1787L,)"
"(1789L,)","(1789L,)"
"(1790L,)","(1790L,)"
"(1791L,)","(1791L,)"
"(1792L,)","(1792L,)"
"(1793L,)","(1793L,)"
"(1794L,)","(1794L,)"
"(1795L,)","(1795L,)"
"(1797L,)","(1797L,)"
"(1798L,)","(1798L,)","(1843L,)"
"(1800L,)","(1801L,)"
"(1802L,)","(1802L,)"
"(1803L,)","(1803L,)"
"(1804L,)","(1804L,)"
"(1805L,)","(1805L,)"
"(1806L,)","(1806L,)"
"(1807L,)","(1807L,)"
"(1808L,)","(1808L,)"
"(1809L,)","(1809L,)"
"(1810L,)","(1810L,)"
"(1811L,)","(1811L,)"
"(1812L,)","(1812L,)"
"(1813L,)","(1813L,)"
"(1821L,)","(1822L,)"
"(1825L,)","(1875L,)"
"(1832L,)","(2091L,)"
"(1837L,)","(1910L,)"
"(1865L,)","(1934L,)"
"(1875L,)","(1998L,)"
"(1876L,)","(1940L,)"
"(1897L,)","(2000L,)"
"(1909L,)","(1959L,)"
"(1923L,)","(1979L,)"
"(1935L,)","(2084L,)"
"(1990L,)","(2077L,)"
"(1999L,)","(2011L,)"
"(2027L,)","(2109L,)"
"(2063L,)","(2064L,)"
"(2068L,)","(2074L,)"
"(2070L,)","(2071L,)"
"(4977L,)","(1814L,)"
"(4978L,)","(1815L,)"
"(4979L,)","(1816L,)"
"(4980L,)","(1817L,)"
"(4987L,)","(1818L,)"
"(4988L,)","(1819L,)"
"(4989L,)","(1820L,)"
"(4994L,)","(1821L,)"
"(5009L,)","(1823L,)"
"(5010L,)","(1824L,)"
"(5011L,)","(1825L,)"
"(5012L,)","(1827L,)"
"(5013L,)","(1829L,)"
"(5014L,)","(1830L,)"
"(5015L,)","(1831L,)"
"(5016L,)","(1832L,)"
"(5017L,)","(1833L,)"
"(5018L,)","(1834L,)"
"(5019L,)","(1837L,)"
"(5020L,)","(1838L,)"
"(5021L,)","(1839L,)"
"(5022L,)","(1840L,)"
"(5086L,)","(1841L,)"
"(5095L,)","(1842L,)"
"(5096L,)","(1846L,)"
"(5097L,)","(1847L,)"
"(5098L,)","(1848L,)"
"(5114L,)","(1849L,)"
"(5115L,)","(1851L,)"
"(5117L,)","(1852L,)"
"(5118L,)","(1853L,)"
"(5133L,)","(1854L,)"
"(5134L,)","(1855L,)"
"(5135L,)","(1858L,)"
"(5136L,)","(1859L,)"
"(5137L,)","(1860L,)"
"(5138L,)","(1861L,)"
"(5139L,)","(1862L,)"
"(5191L,)","(1864L,)"
"(5192L,)","(1865L,)"
"(5193L,)","(1866L,)"
"(5194L,)","(1867L,)"
"(5195L,)","(1868L,)"
"(5196L,)","(1869L,)"
"(5197L,)","(1870L,)"
"(5198L,)","(1871L,)"
"(5209L,)","(1872L,)"
"(5210L,)","(1874L,)"
"(5224L,)","(1876L,)"
"(5243L,)","(1878L,)"
"(5244L,)","(1879L,)"
"(5254L,)","(1880L,)"
"(5255L,)","(1881L,)"
"(5266L,)","(1882L,)"
"(5267L,)","(1883L,)"
"(5283L,)","(1884L,)"
"(5284L,)","(1885L,)"
"(5285L,)","(1888L,)"
"(5286L,)","(1890L,)"
"(5287L,)","(1891L,)"
"(5288L,)","(1892L,)"
"(5289L,)","(1893L,)"
"(5290L,)","(1894L,)"
"(5291L,)","(1897L,)"
"(5292L,)","(1898L,)"
"(5293L,)","(1899L,)"
"(5294L,)","(1900L,)"
"(5295L,)","(1901L,)"
"(5296L,)","(1902L,)"
"(5297L,)","(1903L,)"
"(5298L,)","(1904L,)"
"(5299L,)","(1905L,)"
"(5300L,)","(1906L,)"
"(5301L,)","(1907L,)"
"(5302L,)","(1908L,)"
"(5303L,)","(1909L,)"
"(5304L,)","(1911L,)"
"(5305L,)","(1913L,)"
"(5306L,)","(1914L,)"
"(5408L,)","(1915L,)"
"(5414L,)","(1916L,)"
"(5439L,)","(1917L,)"
"(5463L,)","(1920L,)"
"(5464L,)","(1921L,)"
"(5465L,)","(1922L,)"
"(5466L,)","(1923L,)"
"(5467L,)","(1924L,)"
"(5468L,)","(1926L,)"
"(5469L,)","(1927L,)"
"(5470L,)","(1928L,)"
"(5482L,)","(1929L,)"
"(5483L,)","(1930L,)"
"(5484L,)","(1931L,)"
"(5507L,)","(1935L,)"
"(5508L,)","(1938L,)"
"(5509L,)","(1939L,)"
"(5530L,)","(1941L,)"
"(5531L,)","(1942L,)"
"(5532L,)","(1944L,)"
"(5533L,)","(1945L,)"
"(5551L,)","(1946L,)"
"(5588L,)","(1948L,)"
"(5589L,)","(1949L,)"
"(5608L,)","(1950L,)"
"(5609L,)","(1951L,)"
"(5610L,)","(1952L,)"
"(5611L,)","(1953L,)"
"(5628L,)","(1955L,)"
"(5629L,)","(1956L,)"
"(5649L,)","(1957L,)"
"(5650L,)","(1958L,)"
"(5664L,)","(1960L,)"
"(5665L,)","(1961L,)"
"(5666L,)","(1962L,)"
"(5667L,)","(1963L,)"
"(5668L,)","(1964L,)"
"(5669L,)","(1965L,)"
"(5670L,)","(1966L,)"
"(5686L,)","(1967L,)"
"(5694L,)","(1968L,)"
"(5695L,)","(1969L,)"
"(5696L,)","(1970L,)"
"(5703L,)","(1971L,)"
"(5704L,)","(1972L,)"
"(5705L,)","(1973L,)"
"(5706L,)","(1974L,)"
"(5707L,)","(1975L,)"
"(5718L,)","(1976L,)"
"(5719L,)","(1977L,)"
"(5720L,)","(1978L,)"
"(5721L,)","(1980L,)"
"(5737L,)","(1981L,)"
"(5738L,)","(1984L,)"
"(5751L,)","(1985L,)"
"(5752L,)","(1986L,)"
"(5764L,)","(1987L,)"
"(5773L,)","(1989L,)"
"(5774L,)","(1990L,)"
"(5779L,)","(1992L,)"
"(5782L,)","(1993L,)"
"(5783L,)","(1995L,)"
"(5784L,)","(1996L,)"
"(5785L,)","(1997L,)"
"(5786L,)","(1999L,)"
"(5797L,)","(2001L,)"
"(5798L,)","(2004L,)"
"(5799L,)","(2005L,)"
"(5800L,)","(2007L,)"
"(5817L,)","(2008L,)"
"(5818L,)","(2012L,)"
"(5836L,)","(2014L,)"
"(5837L,)","(2015L,)"
"(5838L,)","(2016L,)"
"(5846L,)","(2017L,)"
"(5847L,)","(2018L,)"
"(5848L,)","(2020L,)"
"(5849L,)","(2021L,)"
"(5875L,)","(2022L,)"
"(5876L,)","(2023L,)"
"(5877L,)","(2025L,)"
"(5878L,)","(2026L,)"
"(5883L,)","(2027L,)"
"(5884L,)","(2029L,)"
"(5903L,)","(2030L,)"
"(5904L,)","(2031L,)"
"(5905L,)","(2032L,)"
"(5906L,)","(2033L,)"
"(5907L,)","(2034L,)"
"(5908L,)","(2035L,)"
"(5909L,)","(2036L,)"
"(5910L,)","(2037L,)"
"(5918L,)","(2038L,)"
"(5919L,)","(2039L,)"
"(5920L,)","(2040L,)"
"(5921L,)","(2041L,)"
"(5927L,)","(2042L,)"
"(5928L,)","(2043L,)"
"(5929L,)","(2044L,)"
"(5946L,)","(2046L,)"
"(5947L,)","(2047L,)"
"(5948L,)","(2048L,)"
"(5955L,)","(2049L,)"
"(5959L,)","(2050L,)"
"(5960L,)","(2051L,)"
"(5967L,)","(2052L,)"
"(5968L,)","(2053L,)"
"(5982L,)","(2054L,)"
"(5983L,)","(2055L,)"
"(5984L,)","(2057L,)"
"(5985L,)","(2058L,)"
"(5986L,)","(2059L,)"
"(5999L,)","(2060L,)"
"(6000L,)","(2061L,)"
"(6009L,)","(2062L,)"
"(6010L,)","(2063L,)"
"(6011L,)","(2065L,)"
"(6012L,)","(2066L,)"
"(6013L,)","(2067L,)"
"(6033L,)","(2068L,)"
"(6034L,)","(2070L,)"
"(6057L,)","(2073L,)"
"(6063L,)","(2075L,)"
"(6072L,)","(2076L,)"
"(6097L,)","(2078L,)"
"(6105L,)","(2079L,)"
"(6111L,)","(2080L,)"
"(6112L,)","(2081L,)"
"(6116L,)","(2082L,)"
"(6117L,)","(2085L,)"
"(6118L,)","(2086L,)"
"(6126L,)","(2087L,)"
"(6127L,)","(2088L,)"
"(6143L,)","(2089L,)"
"(6144L,)","(2090L,)"
"(6154L,)","(2094L,)"
"(6164L,)","(2095L,)"
"(6165L,)","(2096L,)"
"(6166L,)","(2097L,)"
"(6167L,)","(2098L,)"
"(6168L,)","(2099L,)"
"(6183L,)","(2100L,)"
"(6184L,)","(2102L,)"
"(6195L,)","(2103L,)"
"(6196L,)","(2104L,)"
"(6197L,)","(2105L,)"
"(6198L,)","(2106L,)"
"(6199L,)","(2107L,)"
"(6212L,)","(2108L,)"
"(6213L,)","(2110L,)"
